施設名等,設置場所,区,所在地,緯度,経度
馬宮西放課後児童クラブ,クラブ室内,西区,飯田新田189-2 馬宮西小学校内,35.886205,139.559354
栄放課後児童クラブ,１階保育室脇,西区,指扇610-3,35.9076897,139.5819062
佐知川放課後児童クラブ,１階職員更衣室,西区,佐知川299-16,35.9036393,139.5875339
春光園うえみず,医務室内,西区,佐知川299-16,35.90364809,139.5875343
植水保育園,玄関,西区,佐知川306,35.9035548,139.5871364
指扇保育園,玄関,西区,高木567-3,35.9274483,139.5707863
秋葉の森総合公園,事務室横ロビー,西区,中釘1241,35.935297,139.566423
指扇北放課後児童クラブ,クラブ室内,西区,中釘1538‐1,35.932242,139.572036
植水支所,事務室,西区,中野林173-2,35.893938,139.591685
植水老人憩いの家,１階事務室前,西区,中野林174-1,35.893749,139.592113
植水第二放課後児童クラブ,１階玄関脇,西区,中野林225-3,35.8936735,139.5936994
馬宮保育園,廊下,西区,西遊馬119,35.9014867,139.5741551
馬宮支所,受付カウンター横,西区,西遊馬236-2,35.90365,139.573128
馬宮荘,１階ロビー,西区,西遊馬533-1,35.905091,139.572728
馬宮コミュニティセンター,１階ロビー総合事務所前,西区,西遊馬533-1,35.905091,139.572728
馬宮児童センター,２階ボランティア室,西区,西遊馬533-1,35.905091,139.572728
西遊馬公園,事務所受付横,西区,西遊馬899-3,35.904504,139.561538
職業訓練センター（大宮建設高等職業訓練校）,校舎入口正面,西区,西遊馬1338-13,35.914634,139.561273
大宮ワークプラザ,１階事務室前（受付カウンター下）,西区,西遊馬1968-8,35.917111,139.561772
大宮花の丘農林公苑,１階ホール,西区,西新井124,35.939682,139.591445
指扇放課後児童クラブ,クラブ室内,西区,西大宮1-49-9,35.921916,139.572988
西区役所,１階ホール,西区,西大宮3-4-2,35.925224,139.579655
西部環境センター,事務室入口脇,西区,宝来52-1,35.934047,139.55289
宝来グラウンド・ゴルフ場,管理事務所,西区,宝来125-1,35.931009,139.554271
指扇駅南自転車駐車場,事務室内,西区,宝来1649-4,35.916481,139.56427
三橋総合公園プール,１階ロビー,西区,三橋5-190,35.912798,139.59501
三橋総合公園,事務所受付横,西区,三橋5-190,35.913193,139.595473
三橋プール,管理棟,西区,三橋6-1709-3,35.921966,139.58518
三橋西保育園,事務室,西区,三橋6-381-1,35.9129169,139.5860387
大宮西放課後児童クラブ,１階事務室内,西区,三橋6-382-1,35.913049,139.585798
子育て支援センターにし,事務所内,西区,三橋6-382-1 2階,35.913037,139.58586
西部文化センター,１階ロビー,西区,三橋6-642-4,35.917659,139.591937
三橋支所,受付カウンター前,西区,三橋6-642-4,35.917659,139.591937
みのり園,１階玄関,西区,三橋6-1587,35.920553,139.589646
ひまわり学園,外来受付脇,西区,三橋6-1587,35.920833,139.590651
宮前放課後児童クラブ,１階職員更衣室,西区,宮前町443,35.9241206,139.5946766
高齢者生きがい活動センター,玄関ホール,北区,植竹町1-593-1,35.927705,139.624087
植竹第二放課後児童クラブ,事務室内,北区,植竹町1-593-2,35.927847,139.624615
泰平保育園,事務室,北区,今羽町596,35.9484806,139.6262982
大砂土デイサービスセンター,玄関,北区,今羽町637-1,35.950439,139.626466
土呂駅西口自転車駐車場,１階事務室内,北区,土呂町1-6-5,35.93043,139.631
大宮盆栽美術館,１階ロビー,北区,土呂町2-24-3,35.928828,139.633129
日進保育園,事務室,北区,日進町2-632,35.9296988,139.6092833
奈良保育園,事務室,北区,奈良町125-6,35.9491015,139.5979922
日進公園コミュニティセンター,１階ホール,北区,日進町1-312-2,35.921839,139.605
日進西保育園,事務室,北区,日進町1-800-1,35.9263081,139.6042299
日進放課後児童クラブ,クラブ室内,北区,日進町2-911 日進小学校内,35.9252,139.607531
日進支所,受付カウンター前,北区,日進町2-965,35.924416,139.606011
日進駅南口自転車駐車場,１階事務室内,北区,日進町2-1125-22,35.931457,139.606639
つばさ放課後児童クラブ,クラブ室内,北区,日進町2-1915-1 つばさ小学校内,35.933281,139.609633
産業振興会館,１Ｆロビー,北区,日進町2-1915-4,35.933092,139.609055
日進北放課後児童クラブ,クラブ室内,北区,日進町3-203,35.936179,139.603235
宮原駅西口自転車駐車場,１階事務室内,北区,日進町3-729,35.939894,139.606189
東大成保育園,事務室,北区,東大成町2-103,35.9258554,139.6205332
大宮別所放課後児童クラブ,クラブ室内,北区,別所町42-7,35.954501,139.598306
本郷老人憩いの家,憩いの家入口,北区,本郷町1065-3,35.94568,139.626181
漫画会館,１階ロビー,北区,盆栽町150,35.9256293,139.6318302
盆栽四季の家,事務室,北区,盆栽町267-1,35.9267663,139.6332595
植竹児童センター,１階玄関前,北区,盆栽町430,35.927397,139.628148
市民の森・見沼グリーンセンター,事務所入口横,北区,見沼2-94,35.9331,139.640519
プラザノース,管理事務所,北区,宮原町1-852-1,35.9314988,139.6203592
北区役所,１階案内所横,北区,宮原町1-852-1,35.93151,139.620229
宮原保育園,給食室前,北区,宮原町2-83-2,35.9421783,139.6171527
子育て支援センターきた,事務所入口前,北区,宮原町3-432-2 岸町ﾋﾞﾙ201,35.94257946,139.60806334
宮原支所,受付カウンター前,北区,宮原町3-824-2,35.940644,139.609699
宮原駅東口自転車駐車場,１階事務室内,北区,宮原町3-824-2,35.940644,139.609699
宮原老人憩いの家,１階事務室内,北区,宮原町4-66-13,35.947176,139.610957
吉野原自転車保管所,事務室入口付近,北区,吉野町1-404-13,35.957190415985,139.620561865835
宮原コミュニティセンター,１階エントランスホール,北区,吉野町2-195-1,35.958573,139.600761
あずま荘,１階ホール,大宮区,東町2-105,35.908922,139.631882
天沼老人憩いの家,憩いの家室内,大宮区,天沼町1-194,35.90622,139.636937
天沼テニス公園,事務室横ロビー,大宮区,天沼町1-676-1,35.910211,139.645467
合併記念見沼公園,管理棟,大宮区,天沼町1-941,35.905743,139.646458
天沼保育園,事務室,大宮区,天沼町2-438-1,35.8988286,139.6394986
大成パンダ,クラブ室内,大宮区,大成町2-282 大成小学校内,35.9149,139.61358
大成保育園,事務室,大宮区,大成町3-655-1,35.915505,139.611419
上小保育園,事務室,大宮区,上小町845-4,35.9000089,139.6113249
大宮保育園,事務室,大宮区,吉敷町1-132-3,35.9013154,139.6306438
食肉中央卸売市場,１階入口ホール,大宮区,吉敷町2-23,35.898227,139.627538
大宮南放課後児童クラブ,クラブ室内,大宮区,吉敷町3-95,35.899861,139.633512
さいたま新都心駅東口自転車等駐車場,１階事務室内,大宮区,吉敷町4-269-1,35.894074,139.637043
大宮南第２放課後児童クラブ,「大宮南そらいろキッズ」クラブ室内,大宮区,北袋町1-190-13  2階,35.8953073833253,139.6413925142
さいたま新都心公園,管理棟,大宮区,北袋町1-190-24,35.893375,139.638859
さいたま新都心バスターミナル,待合室,大宮区,北袋町1-603-1,35.893448,139.637561
大宮駅西口桜木町自転車駐車場,地下１階事務室内,大宮区,桜木町1-7-1,35.905954,139.62016
大宮ソニック市民ホール,５階事務所内,大宮区,桜木町1-7-5,35.905825,139.61944
男女共同参画推進センター,施設入口,大宮区,桜木町1-10-18 ｼｰﾉ大宮ｾﾝﾀｰﾌﾟﾗｻﾞ3階,35.90542,139.618766
シーノ大宮自転車駐車場,地下１階事務室内,大宮区,桜木町1-10-19,35.90595,139.618694
のびのびプラザ大宮,管理室前,大宮区,桜木町1-185-2,35.90337302,139.62251294
子育て支援センターおおみや,事務所入口横,大宮区,桜木町1-185-2 のびのびﾌﾟﾗｻﾞ大宮3階,35.903373,139.622513
桜木保育園,事務室,大宮区,桜木町1-185-2 のびのびﾌﾟﾗｻﾞ大宮4階,35.9034905,139.622524
大宮駅西口自転車駐車場,事務室内,大宮区,桜木町1-185,35.903681,139.622269
さいたま市若者自立支援ルーム,玄関脇,大宮区,桜木町2-190,35.90651969,139.62032139
桜木駐車場,事務室内,大宮区,桜木町3-1-1,35.910119,139.620038
桜木放課後児童クラブ,１階クラブ室,大宮区,桜木町4-328-1,35.902723,139.616953
寿能保育園,事務室,大宮区,寿能町2-140,35.9211386,139.6366859
大和田公園プール,プール管理棟,大宮区,寿能町2-519,35.9216,139.6413
大和田公園（市営大宮球場・プール）,球場玄関ロビー,大宮区,寿能町2-519,35.922285,139.639625
大宮区役所,１階ホール案内所前,大宮区,吉敷町1-124-1,35.901754,139.630439
障害者更生相談センター,待合室,大宮区,吉敷町1-124-1 大宮区役所4階,35.90200113,139.63084846
東日本連携センター,１階階段付近,大宮区,大門町1-6-1,35.90725025,139.62539045
市民会館おおみや,4階受付カウンター前,大宮区,大門町2-118,35.9071087994361,139.627431807183
大宮駅東口大門町自転車駐車場,１階事務室内,大宮区,大門町3-2,35.906729,139.62903
大宮第２放課後児童クラブ,クラブ室内,大宮区,大門町3-3 大宮小学校内,35.906623,139.630054
氷川の社文化館,１階ロビー,大宮区,高鼻町2-262-1,35.9136824,139.6316398
ＮＡＣＫ５スタジアム大宮,正面玄関内,大宮区,高鼻町4丁目,35.916295,139.633548
大宮ふれあい福祉センター,１階受付横,大宮区,土手町1-213-1,35.915715,139.621388
北大宮駅自転車駐車場,事務室内,大宮区,土手町3-162-4,35.916327,139.625176
大宮駅東口錦町自転車駐車場,事務室内,大宮区,錦町478-6,35.905898,139.625038
大宮駅支所,受付カウンター横,大宮区,錦町630ﾙﾐﾈ2-1F,35.90704,139.62255
大栄橋錦町自転車駐車場,１階事務室内,大宮区,錦町682-1,35.908633,139.622094
消費生活総合センター,事務室,大宮区,錦町682-2 大宮情報文化センター6階,35.908119,139.621641
大宮工房館,２階ロビー,大宮区,堀の内町1-577-3,35.912183,139.641459
東小第三学童保育の会,クラブ室内,大宮区,堀の内町3-145　大宮東小学校内,35.9141612223882,139.635615366279
三橋老人憩いの家,１階ふれあいの間,大宮区,三橋2-59,35.902892,139.603953
三橋老人憩いの家分館,１階玄関前,大宮区,三橋2-259-1,35.90052,139.60212
三橋保育園,玄関,大宮区,三橋2-929,35.9022307,139.6056913
三つ和会館,１階ホール事務所前,大宮区,三橋3-52,35.897837,139.608897
大宮北放課後児童クラブ,クラブ室内,大宮区,宮町3-119-3,35.911483,139.628468
環境広場,事務所玄関,見沼区,大谷483-1,35.921411,139.681441
思い出の里市営霊園,管理事務所内,見沼区,大谷600,35.916572,139.675364
七里コミュニティセンター,１階市民ホール,見沼区,大谷1210,35.921041,139.674347
七里保育園,事務室,見沼区,大谷1985,35.9266013,139.6754239
大宮体育館,１階ロビー階段横,見沼区,大和田町1-305,35.9229167,139.6447369
大和田保育園,事務室,見沼区,大和田町1-1230-92,35.9244361,139.6522634
子育て支援センターみぬま,入口横,見沼区,大和田町1-1387-1,35.92745925,139.65028819
大和田駅南自転車駐車場,１階事務室内,見沼区,大和田町1-1387-1,35.927459,139.650288
大砂土東放課後児童クラブ,クラブ室内,見沼区,大和田町2-1054-7,35.937894,139.646053
大宮南部浄化センター,１階エントランスホール,見沼区,上山口新田508-1,35.900752,139.649008
大宮聖苑,１階ホール,見沼区,染谷2-350-1,35.907901,139.689352
片柳コミュニティセンター,１階玄関ホール,見沼区,染谷3-147-1,35.909901,139.684055
七里東保育園,職員玄関,見沼区,新堤40,35.9310369,139.6713813
蓮沼第二放課後児童クラブ,事務室内,見沼区,蓮沼1025-3,35.934431,139.656235
春野保育園,事務室,見沼区,春野1-7-1,35.9556838,139.6679948
春野老人憩いの家,憩いの家入口,見沼区,春野1-7-1,35.955737,139.667932
はるの園,１階玄関口,見沼区,春野2-3-5,35.957839,139.661741
片柳支所,事務室,見沼区,東新井117-2,35.909734,139.670831
片柳のぞみ,クラブ室内,見沼区,東新井244-1 片柳小学校内,35.910775,139.670219
片柳第２放課後児童クラブ,クラブ室内,見沼区,東新井244-1 片柳小学校内,35.910775,139.670219
片柳老人憩いの家,憩いの家部屋前,見沼区,東新井710-78,35.904846,139.66469
東大宮支所,窓口カウンター脇,見沼区,東大宮4-31-1,35.949533,139.637355
東大宮コミュニティセンター,１階エレベーター脇,見沼区,東大宮4-31-1,35.949533,139.637355
東大宮駅東口自転車駐車場,地下１階北事務室内,見沼区,東大宮5-61,35.948803,139.640866
東大宮放課後児童クラブ,１階保育室ホール内,見沼区,東大宮7-5-18,35.9467591,139.645493
東宮下放課後児童クラブ,クラブ室内,見沼区,東宮下215-1 東宮下小学校内,35.9259145,139.6776449
七里放課後児童クラブ,１階職員更衣室,見沼区,東宮下392,35.9307008,139.6761569
七里支所,事務室,見沼区,東門前379-1,35.932817,139.672494
東部環境センター,プラザ棟正面入口,見沼区,膝子626-1,35.927735,139.687801
東楽園,１階ロビー,見沼区,膝子1151-1,35.925735,139.687759
春岡支所,事務室,見沼区,深作1-5-1,35.950796,139.664369
蓮沼放課後児童クラブ,クラブ室内,見沼区,風渡野373-5,35.934781,139.661381
堀崎公園,正面玄関内,見沼区,堀崎町12-1,35.936769,139.653296
見沼区役所,１階ホール案内所前,見沼区,堀崎町12-36,35.935483,139.655026
職員研修センター,１階エントランスホール,見沼区,堀崎町48-1,35.934856,139.657047
東大宮保育園,廊下,見沼区,丸ヶ崎町13-13,35.9536105,139.6513747
片柳保育園,事務室,見沼区,御蔵796,35.9064357,139.6693388
グリーンライフ猿花キャンプ場,管理棟内,見沼区,南中野975-2,35.91653,139.664637
春光園,１階事務室内,見沼区,宮ケ谷塔1-280,35.950549,139.680251
農業者総合研修施設（春おか広場）,受付事務室内,見沼区,宮ケ谷塔765,35.9435743587788,139.67067596813
上峰コミュニティホール,１階ロビー,中央区,上峰2-3-5,35.873996,139.616545
上峰デイサービスセンター,玄関,中央区,上峰3-10-6,35.874693,139.620986
与野西北放課後児童クラブ,１階保育室内,中央区,円阿弥4-3-7,35.88721,139.6075079
大戸自転車保管所,事務室入口付近,中央区,大戸1-1129,35.859995,139.636988
杉の子園,１階手洗い前,中央区,大戸2-7-17,35.865644,139.633233
大戸保育園,事務室,中央区,大戸2-7-19,35.8654006,139.6333921
みずき園,１階玄関,中央区,大戸2-7-21,35.865167,139.633469
下落合放課後児童クラブ,１階玄関横,中央区,上落合1-7-33,35.8899739,139.6318691
北与野駅北口地下駐車場,地下１階事務室内,中央区,上落合2-3-10,35.891173,139.627924
上落合保育園,廊下,中央区,上落合2-9-10,35.8896879,139.6263099
上落合放課後児童クラブ,１階保育室内,中央区,上落合4-14-24,35.8938249,139.6253201
西与野コミュニテイホール,１階ロビー,中央区,桜丘2-6-28,35.882189,139.61492
与野駅西口臨時自転車駐車場,２階事務室内,中央区,下落合1055,35.883493,139.637417
下落合コミュニティセンター,３階ロビー事務室前,中央区,下落合1712,35.884742,139.636637
下落合団地保育園,事務所前,中央区,下落合3-8-2,35.8851949,139.6313905
産業文化センター,１Ｆホール入口左脇,中央区,下落合5-4-3,35.883937,139.628735
中央区役所,１階ロビー,中央区,下落合5-7-10,35.883964,139.626177
中央区保健センター,１階ロビー,中央区,下落合5-7-10 中央区役所別館1階,35.884134,139.626948
与野体育館,１階ロビー入口中央,中央区,下落合5-8-10,35.8843701,139.6258538
下落合プール,１階ホール,中央区,下落合5-11-10,35.884936,139.627124
いこい荘,１階健康相談室,中央区,下落合5-11-12,35.885223,139.626608
向原児童センター,１階調理室内,中央区,下落合7-11-9,35.881415,139.63156
けやきひろば自転車駐車場,１階事務室内,中央区,新都心10,35.892836,139.630733
さいたま新都心ふれあいプラザ,入口右脇,中央区,新都心10 けやきひろば1階,35.89356615,139.63156245
大戸放課後児童クラブ,１階給湯室内,中央区,新中里1-6-28,35.8725503,139.6354433
与野中央公園,管理棟,中央区,新中里4-7-2,35.877001,139.631938
南与野第２自転車駐車場,事務室内,中央区,鈴谷1-513,35.866425,139.631341
南与野第１自転車駐車場,事務室内,中央区,鈴谷2-1221,35.869141,139.630314
鈴谷放課後児童クラブ,１階玄関,中央区,鈴谷5-1-1,35.8710612,139.6311672
鈴谷西保育園,事務室,中央区,鈴谷7-3-31,35.8741521,139.6261579
保健所,エントランスホール,中央区,鈴谷7-5-12,35.873549,139.624316
障害者総合支援センター,１階玄関ホール,中央区,鈴谷7-5-7,35.87441,139.624305
鈴谷東保育園,事務室,中央区,鈴谷9-3-2,35.8765538,139.6286983
八王子スポーツ施設,事務室内,中央区,八王子4-1-10,35.879348,139.60937
八王子保育園,事務室,中央区,八王子5-12-17,35.8806327,139.6053678
与野本町第２自転車駐車場,事務室内,中央区,本町東1-99,35.879891,139.626336
与野本町第１自転車駐車場,事務室内,中央区,本町東2-128,35.882769,139.625375
与野本町放課後児童クラブ,１階職員更衣室,中央区,本町東3-5-23,35.8840107,139.6233934
与野本町コミュニティセンター,１階ロビー,中央区,本町東3-5-43,35.883642,139.623672
与野休日急患診療所,１階ロビー,中央区,本町東4-4-3,35.88553913,139.62278835
与野本町デイサービスセンター,玄関,中央区,本町東4-7-20,35.885472,139.622138
ひかり会館,１階ロビー,中央区,本町東5-13-29,35.889889,139.61985
与野本町老人憩いの家,１階事務室内,中央区,本町東5-17-25,35.8905,139.620388
与野八幡放課後児童クラブ,１階保育室内,中央区,本町東5-23-14,35.8905035,139.6218811
与野本町保育園,玄関,中央区,本町東7-4-19,35.8915592,139.6207431
大久保東児童センター,１階玄関,桜区,大久保領家131-6,35.86956,139.608243
大久保東放課後児童クラブ,２階ホール内,桜区,大久保領家331,35.871326,139.6040776
大久保保育園,事務室,桜区,大久保領家373-1,35.8695246,139.602856
上大久保保育園,事務室,桜区,上大久保940-3,35.8693844,139.6093487
大久保放課後児童クラブ,１階保育室玄関横,桜区,五関21,35.8721424,139.5982639
大久保支所,１階ロビー,桜区,五関839-2,35.870238,139.597827
荒川総合運動公園,１階ロビー,桜区,在家591,35.877992,139.584506
栄和放課後児童クラブ,１階保育室内,桜区,栄和1-7-1,35.8613438,139.6173915
子育て支援センターさくら,入口横,桜区,栄和6-9-4,35.86010288,139.61108751
西堀保育園,事務室,桜区,桜田3-9-12,35.8520724,139.6188596
新開放課後児童クラブ,１階玄関横,桜区,新開2-18-1,35.8507174,139.6174729
クリーンセンター西堀,管理棟１階玄関ホール,桜区,新開4-1-1,35.8432,139.618302
新開自転車保管所,事務室入口付近,桜区,新開4-3252-5,35.846033,139.618457
寿楽荘,１階玄関ロビー,桜区,下大久保727-1,35.863014,139.603471
浦和斎場,１階ホール,桜区,下大久保1523-1,35.857885,139.602105
浦和斎場（通夜室）,通夜室内,桜区,下大久保1523-1,35.857885,139.602105
浦和西体育館,１階ロビー中央,桜区,下大久保1676-1,35.8587788,139.6015371
白鍬保育園,事務室,桜区,白鍬511,35.884807,139.603948
神田放課後児童クラブ,１階保育室内,桜区,神田541-1,35.8749281,139.6068702
動物愛護ふれあいセンター,１階ホール,桜区,神田950-1,35.858239,139.605358
療育センターさくら草,１階事務室内,桜区,田島2-16-2,35.843103,139.631487
田島保育園,事務室,桜区,田島2-16-7,35.8434562,139.6314637
西浦和駅市民の窓口,窓口カウンター脇,桜区,田島5-9-15,35.843783,139.627384
田島放課後児童クラブ,１階玄関横,桜区,田島10-7-14,35.8389981,139.6233547
田島第２放課後児童クラブ,クラブ室内,桜区,田島10-12-1 田島小学校内,35.8377787310444,139.623292958892
プラザウエスト,３階アトリウム,桜区,道場4-3-1,35.855922,139.610193
桜区役所（プラザウエスト内）,１階総合案内横,桜区,道場4-3-1,35.856053,139.610229
記念総合体育館,事務所総合受付前,桜区,道場4-3-1,35.8557382,139.6089199
中島放課後児童クラブ,１階職員更衣室,桜区,中島1-28-1,35.8648519,139.6233676
土合支所,ロビー,桜区,西堀4-2-35,35.85179,139.627784
土合放課後児童クラブ,１階玄関前,桜区,南元宿1-20-5,35.858801,139.6264248
大原サッカー場,２Ｆサポーターズカフェ,浦和区,大原3-4-102,35.89508,139.646775
与野駅市民の窓口,来客待合所,浦和区,上木崎2-2-2,35.885782,139.639783
上木崎放課後児童クラブ,１階洗面所脇,浦和区,上木崎3-11-33,35.8886409,139.6446804
子ども家庭総合センター（あいぱれっと）,１階入口ロビー,浦和区,上木崎4-4-10 4階,35.885712,139.643931
高砂放課後児童クラブ,２階入口左側,浦和区,岸町4-1-29,35.8565402,139.6567957
岸町放課後児童クラブ,１階保育室内,浦和区,岸町5-20-4,35.851378,139.6508584
岸町保育園,事務室,浦和区,岸町6-5-12,35.8537244,139.6516905
北浦和放課後児童クラブ,１階玄関前,浦和区,北浦和2-18-3,35.8771269,139.6491285
北浦和駅市民の窓口,来客待合所,浦和区,北浦和3-3-1,35.872566,139.645951
北浦和自転車駐車場,事務室内,浦和区,北浦和5-2-1,35.874104,139.643437
駒場保育園,事務室,浦和区,駒場1-27-7,35.8721095,139.6602933
駒場運動公園（スタジアム）,１階ホール,浦和区,駒場2-1-1,35.871572,139.665903
浦和駒場体育館,１階受付窓口横,浦和区,駒場2-5-6,35.8723751,139.6622157
大東保育園,玄関,浦和区,大東2-18-7,35.882009,139.662588
大東放課後児童クラブ,１階保育室内,浦和区,大東3-14-1,35.8834452,139.6643849
子育て支援センターうらわ,事務所内,浦和区,高砂1-2-1 ｴｲﾍﾟｯｸｽﾀﾜｰ浦和・ｵﾌｨｽ東館3階,35.856871,139.657431
浦和駅市民の窓口,入口,浦和区,高砂1-16-12,35.85941,139.657017
高砂第１自転車駐車場,事務室内,浦和区,岸町4-213-10,35.856112,139.658679
高砂第２自転車駐車場,事務室内,浦和区,高砂1-189-1,35.857439,139.6583
市役所本庁舎,３階議会棟通路,浦和区,常盤6-4-4,35.861648,139.645496
浦和区役所,１階区民課前,浦和区,常盤6-4-4,35.861648,139.645496
さいたま市役所,第二別館,浦和区,常盤6-4-4,35.861648,139.645496
浦和区保健センター,保健センター１階ロビー,浦和区,常盤6-4-18,35.861223,139.644162
ときわ会館２階,事務室入口付近,浦和区,常盤6-4-21,35.86174,139.64414
仲町第２放課後児童クラブ,クラブ室内,浦和区,常盤8-18-4　仲町小学校内,35.8640208444193,139.640549297352
常盤保育園,医務室・更衣室,浦和区,常盤9-3-16,35.8671279,139.6468403
浦和北公園,管理棟（楷楓亭）,浦和区,常盤9-30,35.86900254,139.64355661
恭慶館,玄関,浦和区,常盤9-30-5,35.869428,139.644553
常盤放課後児童クラブ,１階階段下,浦和区,常盤9-30-9,35.8689472,139.644761
浦和ふれあい館,１階正面玄関,浦和区,常盤9-30-22,35.871149,139.642801
浦和中央保育園,事務室,浦和区,仲町2-13-7,35.8585946,139.6518365
仲町放課後児童クラブ,１階トイレ前,浦和区,仲町4-7-6,35.8601784,139.6451647
針ケ谷保育園,事務室,浦和区,針ヶ谷1-4-3,35.8797377,139.6420802
常盤北保育園,事務室,浦和区,針ヶ谷4-1-1,35.8775811,139.6408305
常盤北放課後児童クラブ,クラブ室内,浦和区,針ヶ谷4-2-12　常盤北小学校内,35.8791255459434,139.639595591061
市民活動サポートセンター,エレベーター横,浦和区,東高砂町11-1 ｺﾑﾅｰﾚ9階,35.858694,139.659134
浦和コミュニティセンター,１０階ロビー,浦和区,東高砂町11-1,35.858694,139.659134
仲本荘,１階ホール,浦和区,東仲町28-15,35.860754,139.660064
東仲町保育園,事務室,浦和区,東仲町28-16,35.8606002,139.6600946
仲本放課後児童クラブ,クラブ室内,浦和区,本太2-12-2,35.860504,139.661483
本太保育園,事務室,浦和区,本太4-3-15,35.8667887,139.6575734
本太放課後児童クラブ,１階事務室内,浦和区,本太4-3-39,35.8656386,139.6568972
浦和総合運動場,１階ホール,浦和区,元町1-29-10,35.870014,139.658564
さくら草学園,１階職員更衣室,浦和区,領家1-5-16,35.874636,139.658241
木崎放課後児童クラブ,１階保育室内,浦和区,領家4-20-1,35.8824363,139.6536774
針ケ谷放課後児童クラブ,１階階段下,浦和区,領家7-2-19,35.8811049,139.6500344
領家保育園,事務室,浦和区,領家7-14-16,35.8823899,139.6490665
大谷口放課後児童クラブ,１階玄関脇,南区,大谷口993-16,35.8602188,139.6811586
大谷口保育園,事務室,南区,大谷口1089-1,35.8614998,139.6770428
向放課後児童クラブ,クラブ室内,南区,大谷口5436-4,35.858241,139.695927
南浦和コミュニティセンター,１階体育館入口脇,南区,大谷場2-6-25,35.854538,139.67218
大谷場東放課後児童クラブ,１階保育室内,南区,大谷場2-13-54,35.8534215,139.6742528
武蔵浦和保育園,正面玄関,南区,鹿手袋4-1-12,35.8487029,139.6421426
白幡保育園,事務室,南区,白幡3-1-2,35.8448493,139.6554829
谷田支所,受付窓口,南区,太田窪1277-1,35.859815,139.675915
善前放課後児童クラブ,１階保育室内,南区,太田窪2500-1,35.8540178,139.6871988
谷田放課後児童クラブ,１階玄関右脇,南区,太田窪5-10-6,35.8563425,139.6779167
辻放課後児童クラブ,１階倉庫内,南区,辻2-20-1,35.8332822,139.6583359
辻保育園,事務室,南区,辻3-10-15,35.8393229,139.6573881
辻南小児童クラブ,クラブ室内,南区,辻8-7-32 辻南小学校内,35.831598,139.665727
武蔵浦和駅南自転車駐車場,１階北事務室内,南区,沼影1-105-1,35.844223,139.646997
沼影公園,屋内プール１階ホール,南区,沼影2-7-35,35.839834,139.645144
文化センター,１階ホール案内所前,南区,根岸1-7-1,35.843456,139.6635671
南浦和保育園,事務室,南区,根岸2-19-3,35.8400479,139.6652486
文蔵保育園,事務室,南区,文蔵3-7-14,35.8400475,139.6756052
文蔵児童センタ－,１階玄関前,南区,文蔵4-19-3,35.83801,139.669755
浦和別所児童センター,１階事務室内,南区,別所2-15-6,35.851308,139.64609
別所沼公園,正面玄関内,南区,別所4-12-10,35.855257,139.640263
武蔵浦和コミュニティセンター,８階エレベーターホール,南区,別所7-20-1,35.845312,139.645361
老人福祉センター武蔵浦和荘,７階エレベーターホール,南区,別所7-20-1,35.845312,139.645361
子育て支援センターみなみ,１階エントランス,南区,別所7-20-1,35.845312,139.645361
南区役所,５階エレベーターホール,南区,別所7-20-1,35.845312,139.645361
武蔵浦和駅西自転車等駐車場,１階駐車場通路,南区,別所7-21-1,35.846141,139.645746
武蔵浦和駅東口地下自転車駐車場,地下１階事務室内,南区,別所7-1535,35.846101,139.647221
曲本保育園,事務室,南区,曲本4-5-7,35.838065,139.642113
沼影放課後児童クラブ,１階階段下,南区,曲本4-7-6,35.8378645,139.6403744
大谷場放課後児童クラブ,１階給湯室内,南区,南浦和1-18-3,35.8527792,139.6679633
南浦和駅市民の窓口,事務所内,南区,南浦和2-37-1,35.846936,139.669363
大谷場保育園,事務室,南区,南浦和3-36-11,35.8463121,139.6742633
南浦和放課後児童クラブ,１階階段下,南区,南本町1-18-13,35.8442508,139.6655522
大崎むつみの里,１階玄関ロビー,緑区,大崎37-1,35.882833,139.715686
クリーンセンター大崎,１Ｆ玄関ホール,緑区,大崎317,35.880163,139.712703
東部清掃事務所,１Ｆ出入口,緑区,大崎317,35.880163,139.712703
見沼ヘルシーランド,１階廊下,緑区,大崎322-1,35.882735,139.712628
農業者トレーニングセンター,玄関入口付近,緑区,大崎3156-1,35.884024,139.713019
大崎公園,緑の相談所内,緑区,大崎3156-1,35.884165,139.714057
大崎公園（子供動物園）,子供動物園内,緑区,大崎3156-1,35.884165,139.714057
野田放課後児童クラブ,事務室内,緑区,上野田16,35.9002313,139.7039468
道祖土放課後児童クラブ,１階保育室内棚上部,緑区,道祖土1-1-1,35.8747684,139.6694647
美園コミュニティセンター,１階総合案内横,緑区,美園4-19-1,35.89497,139.72739
大門放課後児童クラブ,１階保育室内,緑区,大門1361-13,35.8821515,139.7333349
緑区役所,１階ホール,緑区,中尾975-1,35.871095,139.684053
年輪荘,１階玄関ホール,緑区,中尾1404,35.873594,139.686058
尾間木保育園,給食室前廊下,緑区,中尾1432-5,35.8733279,139.6860998
プラザイースト,１階ホール事務室前,緑区,中尾1440-8,35.8717325,139.685775
中尾放課後児童クラブ,１階玄関,緑区,中尾2596-1,35.8687623,139.6821471
青山苑管理事務所,事務所内,緑区,中野田1030,35.899706,139.711999
さぎ山記念公園,正面玄関内,緑区,南部領辻359-1,35.906551,139.700595
グリーンヒルうらわ,１階ホール,緑区,馬場1-7-1,35.890778,139.680878
原山保育園,職員玄関,緑区,原山1-7-2,35.8694891,139.6720253
原山放課後児童クラブ,１階玄関,緑区,原山1-22-20,35.8678076,139.6737952
駒場運動公園（原山プール）,医務室前,緑区,原山2-33-7,35.8719480518108,139.668243561361
東浦和駅市民の窓口,申請窓口,緑区,東浦和4-1-16,35.866254,139.703443
大牧放課後児童クラブ,１階玄関脇,緑区,東浦和6-13-15,35.8728879,139.7062927
子育て支援センターみどり,事務所内,緑区,東浦和7-20-4,35.87131978,139.70507615
尾間木放課後児童クラブ,クラブ室内,緑区,東浦和8‐11‐5 尾間木小学校内,35.869114,139.696674
三室放課後児童クラブ,１階玄関脇,緑区,松木1-4-11,35.8842246,139.6847253
うらわフェニックス,管理棟玄関,緑区,間宮741-1,35.88526,139.71928
三浦運動公園（サッカー場）,管理棟,緑区,三浦6836-1,35.897824,139.664354
美園北放課後児童クラブ,クラブ室内,緑区,美園2-12-11 美園北小学校内,35.900659,139.722946
美園放課後児童クラブ,クラブ室内,緑区,美園5-33 美園小学校内,35.890721,139.73499
山崎市民の窓口,会議室入口,緑区,三室223-8,35.889809,139.667601
三室保育園,事務室,緑区,三室1629-6,35.8826603,139.6787069
三室支所,事務室,緑区,三室1946-5,35.883143,139.681575
高等看護学院学生宿舎,１階玄関ホール,緑区,三室2423-12,35.891303,139.675353
和楽荘,玄関横談話コーナー,緑区,三室2458,35.890089,139.677542
高等看護学院,１階玄関,緑区,三室2460,35.891031,139.678839
岩槻自転車保管所,事務室入口付近,岩槻区,岩槻5188,35.957332,139.686194
城北放課後児童クラブ,１階保育室内,岩槻区,岩槻6619,35.9620993,139.6933735
市民会館いわつき,１階受付前,岩槻区,太田3-1-1,35.9507293,139.7089724
岩槻城址公園,管理事務所,岩槻区,太田3-4,35.951527,139.711467
川通放課後児童クラブ,クラブ室内,岩槻区,大野島485-3,35.941114,139.731231
新和放課後児童クラブ,１階下駄箱脇,岩槻区,尾ヶ崎1252,35.9105858,139.7324384
柏崎放課後児童クラブ,１階保育室内,岩槻区,柏崎762,35.9337231,139.7014645
上里放課後児童クラブ,１階玄関右横,岩槻区,上里2-2,35.9649266,139.7043168
槻の木,１階事務室内,岩槻区,黒谷1135-2,35.927806,139.719758
第２やまぶき,１階玄関ロビー,岩槻区,黒谷1282-1,35.927842,139.718914
和土放課後児童クラブ,２階奥廊下,岩槻区,黒谷1353,35.9261999,139.7206831
第１やまぶき,１階廊下,岩槻区,古ヶ場2-1-11,35.9787,139.693089
槻寿苑,１階ホール,岩槻区,笹久保1393,35.918468,139.712973
槻寿苑デイサービスセンター,デイルーム内,岩槻区,笹久保1393,35.918632,139.713226
慈恩寺放課後児童クラブ,１階事務机脇,岩槻区,慈恩寺259,35.9816894,139.7077972
諏訪保育園,事務室,岩槻区,諏訪2-5-1,35.9691143,139.7090236
東岩槻放課後児童クラブ,１階奥事務机後方,岩槻区,諏訪2-6-1,35.9701507,139.7097618
徳力放課後児童クラブ,１階保育室内廊下側,岩槻区,徳力136-4,35.9741002,139.71679
太田放課後児童クラブ,１階玄関横,岩槻区,仲町1-17-3,35.9483186,139.7038133
川通公園,球場正面玄関内,岩槻区,長宮825-5,35.95226,139.728309
西原放課後児童クラブ,１階玄関,岩槻区,西原4-97,35.9520932,139.68543
西町保育園,玄関,岩槻区,西町3-1-24,35.9531017,139.6865264
ふれあいプラザいわつき,１階ロビー,岩槻区,東岩槻6-6,35.96204,139.716358
府内市民の窓口,事務所内,岩槻区,府内1-8-1,35.943826,139.710875
河合放課後児童クラブ,クラブ室内,岩槻区,平林寺371-4,35.967769,139.671926
コミュニティセンターいわつき,１階玄関ホール,岩槻区,本町1-10-7,35.947022,139.691683
岩槻本町保育園,玄関,岩槻区,本町2-5-5,35.9441537,139.6935401
岩槻駅東口コミュニティセンター,２階ロビー,岩槻区,本町3-1-1,35.950458,139.693877
子育て支援センターいわつき,事務所内,岩槻区,本町3-1-1 岩槻駅東口ｺﾐｭﾆﾃｨｾﾝﾀｰ4階,35.950357,139.693866
岩槻区役所,３階ロビー,岩槻区,本町3-2-5,35.949908,139.694396
岩槻駅東口公共駐車場,６階事務室内,岩槻区,本町3-2-5,35.949908,139.694396
岩槻放課後児童クラブ,１階保育室内,岩槻区,本町5-6-45,35.9536949,139.6985366
岩槻人形博物館,事務室,岩槻区,本町6-1-1,35.950849,139.700082
にぎわい交流館いわつき,１階受付付近,岩槻区,本町6-1-2,35.950849,139.700082
岩槻温水プール,事務室横ロビー,岩槻区,本丸3-17-2,35.954063,139.704873
城南放課後児童クラブ,１階保育室内,岩槻区,南下新井1191-1,35.9359332,139.712631
美幸保育園,事務室,岩槻区,美幸町3-18,35.9602155,139.6909925
岩槻文化公園,事務室前通路,岩槻区,村国229,35.944539,139.721724
新治ファミリーランド,温泉棟,市外,群馬県利根郡みなかみ町相俣159-1,36.720104,138.896853
ホテル南郷,１階ロビー,市外,福島県南会津郡南会津町界454,37.267356,139.541422
